{
	"miniprogramRoot": "miniprogram/",
	"cloudfunctionRoot": "cloudfunctions/",
	"setting": {
		"urlCheck": false,
		"es6": true,
		"enhance": true,
		"postcss": true,
		"minified": true,
		"newFeature": true,
		"coverView": true,
		"autoAudits": false,
		"checkInvalidKey": true,
		"checkSiteMap": true,
		"uploadWithSourceMap": true,
		"babelSetting": {
			"ignore": [],
			"disablePlugins": [],
			"outputPath": ""
		}
	},
	"appid": "wx07edd508e2984e38",
	"projectname": "yy1",
	"libVersion": "2.8.1",
	"simulatorType": "wechat",
	"simulatorPluginLibVersion": {},
	"cloudfunctionTemplateRoot": "cloudfunctionTemplate",
	"condition": {
		"search": {
			"current": -1,
			"list": []
		},
		"conversation": {
			"current": -1,
			"list": []
		},
		"plugin": {
			"current": -1,
			"list": []
		},
		"game": {
			"list": []
		},
		"gamePlugin": {
			"current": -1,
			"list": []
		},
		"miniprogram": {
			"current": 4,
			"list": [
				{
					"id": -1,
					"name": "db guide",
					"pathName": "pages/databaseGuide/databaseGuide",
					"query": ""
				},
				{
					"id": 1,
					"name": "pages/orderdd/orderdd",
					"pathName": "pages/orderdd/orderdd",
					"query": "",
					"scene": null
				},
				{
					"id": -1,
					"name": "pages/login/login",
					"pathName": "pages/login/login",
					"query": "",
					"scene": null
				},
				{
					"id": -1,
					"name": "pages/user/user",
					"pathName": "pages/user/user",
					"query": "",
					"scene": null
				},
				{
					"id": -1,
					"name": "pages/register/register",
					"pathName": "pages/register/register",
					"query": "",
					"scene": null
				},
				{
					"id": 5,
					"name": "pages/cart/cart",
					"pathName": "pages/cart/cart",
					"query": "",
					"scene": null
				},
				{
					"id": 6,
					"name": "pages/product/product",
					"pathName": "pages/product/product",
					"query": "id= 292460663653227520",
					"scene": null
				},
				{
					"id": -1,
					"name": "pages/product/product",
					"pathName": "pages/product/product",
					"query": "id = 292460663653227520",
					"scene": null
				},
				{
					"id": 8,
					"name": "pages/printer/printer",
					"pathName": "pages/printer/printer",
					"query": "",
					"scene": null
				},
				{
					"id": -1,
					"name": "pages/index/index",
					"pathName": "pages/index/index",
					"query": "",
					"scene": null
				},
				{
					"id": -1,
					"name": "pages/category/category",
					"pathName": "pages/category/category",
					"query": "",
					"scene": null
				},
				{
					"id": -1,
					"name": "pages/index/index",
					"pathName": "pages/index/index",
					"query": "",
					"scene": null
				},
				{
					"id": -1,
					"name": "pages/user/user",
					"pathName": "pages/user/user",
					"query": "",
					"scene": null
				},
				{
					"id": -1,
					"name": "pages/order/order",
					"pathName": "pages/order/order",
					"scene": null
				}
			]
		}
	}
}